TABLE,PKEY,NAME,PROJECTID,SETID,PID,Device,Point,ADDRSLCT,ADDRESS,ALIAS,ALIASTYPE,P1,P2,P3,P4,P5,P6,P7,P8,TYPE,FORMAT,ISMODIFY,MSINPUT,MSOUTPUT,MSAUTOSUBS
DESetStatus,24402,92749317-5c2e-4b8a-9d5b-0456ffe82c59,0,GW3LBSC23,"PCPTHO_LBSC0014,25PA",LBSC0014,25PA,0,0,,0,0,0,0,0,0,0,0,0,0,1,0,0,0,0
DESetStatus,24403,851df2be-18b0-49f1-8dd9-0bdcf0247504,0,GW3LBSC23,"PCPTHO_LBSC0014,25PB",LBSC0014,25PB,0,1,,0,0,0,0,0,0,0,0,0,0,1,0,0,0,0
DESetStatus,24404,135816b4-af54-43ad-8a71-5cf4bdca872d,0,GW3LBSC23,"PCPTHO_LBSC0014,25PC",LBSC0014,25PC,0,2,,0,0,0,0,0,0,0,0,0,0,1,0,0,0,0
DESetStatus,24405,f34e57e7-976d-4637-a346-4442e4e4e692,0,GW3LBSC23,"PCPTHO_LBSC0014,ANPU",LBSC0014,ANPU,0,3,,0,0,0,0,0,0,0,0,0,0,1,0,0,0,0
DESetStatus,24406,5abad3be-77e3-41e3-ac6e-dd8b10623f2c,0,GW3LBSC23,"PCPTHO_LBSC0014,AP1S",LBSC0014,AP1S,0,4,,0,0,0,0,0,0,0,0,0,0,1,0,0,0,0
DESetStatus,24407,bf599bfa-6468-4e79-a0ca-5f5b3fcac412,0,GW3LBSC23,"PCPTHO_LBSC0014,BALR",LBSC0014,BALR,0,5,,0,0,0,0,0,0,0,0,0,0,1,0,0,0,0
DESetStatus,24408,51ce7cb0-fe63-4294-852c-80da189e9456,0,GW3LBSC23,"PCPTHO_LBSC0014,BATF",LBSC0014,BATF,0,6,,0,0,0,0,0,0,0,0,0,0,1,0,0,0,0
DESetStatus,24409,660ca217-6856-4f24-a83b-988fd572243b,0,GW3LBSC23,"PCPTHO_LBSC0014,CTLK",LBSC0014,CTLK,0,7,,0,0,0,0,0,0,0,0,0,0,1,0,0,0,0
DESetStatus,24410,562116c9-9712-429c-b274-79b797cf671a,0,GW3LBSC23,"PCPTHO_LBSC0014,DOOR",LBSC0014,DOOR,0,8,,0,0,0,0,0,0,0,0,0,0,1,0,0,0,0
DESetStatus,24411,b683b840-d5fc-4e81-9984-7fa4372ac0e5,0,GW3LBSC23,"PCPTHO_LBSC0014,FI",LBSC0014,FI,0,9,,0,0,0,0,0,0,0,0,0,0,1,0,0,0,0
DESetStatus,24412,a9e8a16b-0e83-4e27-86db-3dc75c6ee26c,0,GW3LBSC23,"PCPTHO_LBSC0014,FKPA",LBSC0014,FKPA,0,10,,0,0,0,0,0,0,0,0,0,0,1,0,0,0,0
DESetStatus,24413,03fc6ed9-1cd4-417a-a6d2-b54af7e50c4b,0,GW3LBSC23,"PCPTHO_LBSC0014,FKPB",LBSC0014,FKPB,0,11,,0,0,0,0,0,0,0,0,0,0,1,0,0,0,0
DESetStatus,24414,2c7d7c52-90fd-4d56-afe2-b534b78a5fa3,0,GW3LBSC23,"PCPTHO_LBSC0014,FKPC",LBSC0014,FKPC,0,12,,0,0,0,0,0,0,0,0,0,0,1,0,0,0,0
DESetStatus,24415,ae5b49e0-4c7a-4c24-8f3c-ef97f37f76ec,0,GW3LBSC23,"PCPTHO_LBSC0014,FKPG",LBSC0014,FKPG,0,13,,0,0,0,0,0,0,0,0,0,0,1,0,0,0,0
DESetStatus,24416,0ff9ed76-65bd-4f8e-a63d-37a40de81411,0,GW3LBSC23,"PCPTHO_LBSC0014,GETR",LBSC0014,GETR,0,14,,0,0,0,0,0,0,0,0,0,0,1,0,0,0,0
DESetStatus,24417,96f74c6b-dfa0-4e50-bb53-af79d48aa16f,0,GW3LBSC23,"PCPTHO_LBSC0014,HLEN",LBSC0014,HLEN,0,15,,0,0,0,0,0,0,0,0,0,0,1,0,0,0,0
DESetStatus,24418,0c434bbe-441d-461e-8632-5320895d5936,0,GW3LBSC23,"PCPTHO_LBSC0014,LBER",LBSC0014,LBER,0,16,,0,0,0,0,0,0,0,0,0,0,1,0,0,0,0
DESetStatus,24419,cfdda1dd-b075-410a-8ffa-7b6e6629620c,0,GW3LBSC23,"PCPTHO_LBSC0014,LBS",LBSC0014,LBS,0,17,,0,0,0,0,0,0,0,0,0,0,3,0,0,0,0
DESetStatus,24420,f0b45992-1394-4989-9002-cf5ee26aeb2a,0,GW3LBSC23,"PCPTHO_LBSC0014,NACP",LBSC0014,NACP,0,19,,0,0,0,0,0,0,0,0,0,0,1,0,0,0,0
DESetStatus,24421,4f2d43db-b1a4-47bf-90d8-76cd8c472c92,0,GW3LBSC23,"PCPTHO_LBSC0014,NOPS",LBSC0014,NOPS,0,20,,0,0,0,0,0,0,0,0,0,0,1,0,0,0,0
DESetStatus,24422,09b105b9-acb5-420c-922f-d394e5036150,0,GW3LBSC23,"PCPTHO_LBSC0014,RSTG",LBSC0014,RSTG,0,21,,0,0,0,0,0,0,0,0,0,0,1,0,0,0,0
DESetStatus,24423,56815f71-847e-44d3-acc0-7a2f15640f81,0,GW3LBSC23,"PCPTHO_LBSC0014,SFAL",LBSC0014,SFAL,0,22,,0,0,0,0,0,0,0,0,0,0,1,0,0,0,0
DESetStatus,24424,f80b5dc0-ff5d-469f-8124-7b3e55dea319,0,GW3LBSC23,"PCPTHO_LBSC0015,25PA",LBSC0015,25PA,0,23,,0,0,0,0,0,0,0,0,0,0,1,0,0,0,0
DESetStatus,24425,cf2018a9-27ff-4028-9e5f-6c861acbfc25,0,GW3LBSC23,"PCPTHO_LBSC0015,25PB",LBSC0015,25PB,0,24,,0,0,0,0,0,0,0,0,0,0,1,0,0,0,0
DESetStatus,24426,f50dc60a-3690-4a2e-82dc-877c538c2c08,0,GW3LBSC23,"PCPTHO_LBSC0015,25PC",LBSC0015,25PC,0,25,,0,0,0,0,0,0,0,0,0,0,1,0,0,0,0
DESetStatus,24427,9fab3fa0-2912-45b9-8fbe-fd5c7371ef76,0,GW3LBSC23,"PCPTHO_LBSC0015,ANPU",LBSC0015,ANPU,0,26,,0,0,0,0,0,0,0,0,0,0,1,0,0,0,0
DESetStatus,24428,bc60cf02-696d-422f-b465-eea8c4345f5e,0,GW3LBSC23,"PCPTHO_LBSC0015,AP1S",LBSC0015,AP1S,0,27,,0,0,0,0,0,0,0,0,0,0,1,0,0,0,0
DESetStatus,24429,6536f453-ac35-4153-ba90-226d66996596,0,GW3LBSC23,"PCPTHO_LBSC0015,BALR",LBSC0015,BALR,0,28,,0,0,0,0,0,0,0,0,0,0,1,0,0,0,0
DESetStatus,24430,27855154-f84d-4328-93fd-5fea47704775,0,GW3LBSC23,"PCPTHO_LBSC0015,BATF",LBSC0015,BATF,0,29,,0,0,0,0,0,0,0,0,0,0,1,0,0,0,0
DESetStatus,24431,01e0136c-ff7e-4722-98df-c69c312f5f91,0,GW3LBSC23,"PCPTHO_LBSC0015,CTLK",LBSC0015,CTLK,0,30,,0,0,0,0,0,0,0,0,0,0,1,0,0,0,0
DESetStatus,24432,47cc5518-6fe5-4346-ad2b-91288eab8683,0,GW3LBSC23,"PCPTHO_LBSC0015,DOOR",LBSC0015,DOOR,0,31,,0,0,0,0,0,0,0,0,0,0,1,0,0,0,0
DESetStatus,24433,b79664c5-19b3-44b3-bdfa-25f06828ce95,0,GW3LBSC23,"PCPTHO_LBSC0015,FI",LBSC0015,FI,0,32,,0,0,0,0,0,0,0,0,0,0,1,0,0,0,0
DESetStatus,24434,27507adc-44b3-4873-9efb-b7dc464abf45,0,GW3LBSC23,"PCPTHO_LBSC0015,FKPA",LBSC0015,FKPA,0,33,,0,0,0,0,0,0,0,0,0,0,1,0,0,0,0
DESetStatus,24435,3a98699c-fe28-4c4a-8e2a-1490bbd2a84c,0,GW3LBSC23,"PCPTHO_LBSC0015,FKPB",LBSC0015,FKPB,0,34,,0,0,0,0,0,0,0,0,0,0,1,0,0,0,0
DESetStatus,24436,46cebcf1-e09a-4636-b16f-9c63ba201d96,0,GW3LBSC23,"PCPTHO_LBSC0015,FKPC",LBSC0015,FKPC,0,35,,0,0,0,0,0,0,0,0,0,0,1,0,0,0,0
DESetStatus,24437,d84b004a-7d81-4164-b5b3-2c24bd3014f2,0,GW3LBSC23,"PCPTHO_LBSC0015,FKPG",LBSC0015,FKPG,0,36,,0,0,0,0,0,0,0,0,0,0,1,0,0,0,0
DESetStatus,24438,bac06f7c-5550-4d42-be93-1f224f4b9293,0,GW3LBSC23,"PCPTHO_LBSC0015,GETR",LBSC0015,GETR,0,37,,0,0,0,0,0,0,0,0,0,0,1,0,0,0,0
DESetStatus,24439,0ff33847-0ef8-4a67-891c-b5b39d939e00,0,GW3LBSC23,"PCPTHO_LBSC0015,HLEN",LBSC0015,HLEN,0,38,,0,0,0,0,0,0,0,0,0,0,1,0,0,0,0
DESetStatus,24440,1f738219-aad1-466b-8908-9f5a809b2561,0,GW3LBSC23,"PCPTHO_LBSC0015,LBER",LBSC0015,LBER,0,39,,0,0,0,0,0,0,0,0,0,0,1,0,0,0,0
DESetStatus,24441,4f205da5-1c79-4723-a235-25cb3efea54c,0,GW3LBSC23,"PCPTHO_LBSC0015,LBS",LBSC0015,LBS,0,40,,0,0,0,0,0,0,0,0,0,0,3,0,0,0,0
DESetStatus,24442,c126da5d-b678-482d-9bce-79289c3a85f0,0,GW3LBSC23,"PCPTHO_LBSC0015,NACP",LBSC0015,NACP,0,42,,0,0,0,0,0,0,0,0,0,0,1,0,0,0,0
DESetStatus,24443,669a24ca-215d-47b8-b627-ba0e5922c99f,0,GW3LBSC23,"PCPTHO_LBSC0015,NOPS",LBSC0015,NOPS,0,43,,0,0,0,0,0,0,0,0,0,0,1,0,0,0,0
DESetStatus,24444,78fdead1-be5c-4b2e-bb69-247397fcde83,0,GW3LBSC23,"PCPTHO_LBSC0015,RSTG",LBSC0015,RSTG,0,44,,0,0,0,0,0,0,0,0,0,0,1,0,0,0,0
DESetStatus,24445,a566f211-86e2-488a-be2a-67f807025fc1,0,GW3LBSC23,"PCPTHO_LBSC0015,SFAL",LBSC0015,SFAL,0,45,,0,0,0,0,0,0,0,0,0,0,1,0,0,0,0
DESetStatus,24446,68416ea4-e780-4081-8c34-71fb2c1f016a,0,GW3LBSC23,"PCPTHO_LBSC0016,25PA",LBSC0016,25PA,0,46,,0,0,0,0,0,0,0,0,0,0,1,0,0,0,0
DESetStatus,24447,88c9cfab-020d-41c3-a61c-e696f1ce7a0b,0,GW3LBSC23,"PCPTHO_LBSC0016,25PB",LBSC0016,25PB,0,47,,0,0,0,0,0,0,0,0,0,0,1,0,0,0,0
DESetStatus,24448,9c8aa6f6-6540-4aba-b1c1-343fe596975f,0,GW3LBSC23,"PCPTHO_LBSC0016,25PC",LBSC0016,25PC,0,48,,0,0,0,0,0,0,0,0,0,0,1,0,0,0,0
DESetStatus,24449,6322a482-a056-48fb-b204-35fd0984a8b6,0,GW3LBSC23,"PCPTHO_LBSC0016,ANPU",LBSC0016,ANPU,0,49,,0,0,0,0,0,0,0,0,0,0,1,0,0,0,0
DESetStatus,24450,16b10fa1-84b6-4caa-b407-70b61d5732c4,0,GW3LBSC23,"PCPTHO_LBSC0016,AP1S",LBSC0016,AP1S,0,50,,0,0,0,0,0,0,0,0,0,0,1,0,0,0,0
DESetStatus,24451,a3bda9d6-8397-4ef6-a539-c3911e6a4c1c,0,GW3LBSC23,"PCPTHO_LBSC0016,BALR",LBSC0016,BALR,0,51,,0,0,0,0,0,0,0,0,0,0,1,0,0,0,0
DESetStatus,24452,38fce8fc-2542-4538-9bd3-cf07eb3fe517,0,GW3LBSC23,"PCPTHO_LBSC0016,BATF",LBSC0016,BATF,0,52,,0,0,0,0,0,0,0,0,0,0,1,0,0,0,0
DESetStatus,24453,76fc09eb-4d4a-420a-b795-ccf18edca900,0,GW3LBSC23,"PCPTHO_LBSC0016,CTLK",LBSC0016,CTLK,0,53,,0,0,0,0,0,0,0,0,0,0,1,0,0,0,0
DESetStatus,24454,bf749c94-16df-42af-9c79-f8eca97b8b58,0,GW3LBSC23,"PCPTHO_LBSC0016,DOOR",LBSC0016,DOOR,0,54,,0,0,0,0,0,0,0,0,0,0,1,0,0,0,0
DESetStatus,24455,9b72b565-3862-41c9-a57e-16142cfc1cb9,0,GW3LBSC23,"PCPTHO_LBSC0016,FI",LBSC0016,FI,0,55,,0,0,0,0,0,0,0,0,0,0,1,0,0,0,0
DESetStatus,24456,694d2e97-6d26-4577-b403-7b4486f17d0a,0,GW3LBSC23,"PCPTHO_LBSC0016,FKPA",LBSC0016,FKPA,0,56,,0,0,0,0,0,0,0,0,0,0,1,0,0,0,0
DESetStatus,24457,b7c0416b-32e3-4df5-9b62-ed60d4ff1536,0,GW3LBSC23,"PCPTHO_LBSC0016,FKPB",LBSC0016,FKPB,0,57,,0,0,0,0,0,0,0,0,0,0,1,0,0,0,0
DESetStatus,24458,722feca4-e614-47b7-a155-33574aef29a3,0,GW3LBSC23,"PCPTHO_LBSC0016,FKPC",LBSC0016,FKPC,0,58,,0,0,0,0,0,0,0,0,0,0,1,0,0,0,0
DESetStatus,24459,fa2b9d30-76ba-4dc4-99f5-0677e838a994,0,GW3LBSC23,"PCPTHO_LBSC0016,FKPG",LBSC0016,FKPG,0,59,,0,0,0,0,0,0,0,0,0,0,1,0,0,0,0
DESetStatus,24460,f0f8f048-ab8b-43c4-8f43-4c22b4e29824,0,GW3LBSC23,"PCPTHO_LBSC0016,GETR",LBSC0016,GETR,0,60,,0,0,0,0,0,0,0,0,0,0,1,0,0,0,0
DESetStatus,24461,131d0b8c-3e61-4bb0-b134-557f858c1dd7,0,GW3LBSC23,"PCPTHO_LBSC0016,HLEN",LBSC0016,HLEN,0,61,,0,0,0,0,0,0,0,0,0,0,1,0,0,0,0
DESetStatus,24462,fa89925d-a3cb-4b1c-9c2a-6b89a5749206,0,GW3LBSC23,"PCPTHO_LBSC0016,LBER",LBSC0016,LBER,0,62,,0,0,0,0,0,0,0,0,0,0,1,0,0,0,0
DESetStatus,24463,e2908245-7ebd-444c-9333-ab646219fa5a,0,GW3LBSC23,"PCPTHO_LBSC0016,LBS",LBSC0016,LBS,0,63,,0,0,0,0,0,0,0,0,0,0,3,0,0,0,0
DESetStatus,24464,75aaf2b0-bbb8-429e-842b-cac9c23ac361,0,GW3LBSC23,"PCPTHO_LBSC0016,NACP",LBSC0016,NACP,0,65,,0,0,0,0,0,0,0,0,0,0,1,0,0,0,0
DESetStatus,24465,ae95327f-abb0-46b6-ae66-707c5e7aa27c,0,GW3LBSC23,"PCPTHO_LBSC0016,NOPS",LBSC0016,NOPS,0,66,,0,0,0,0,0,0,0,0,0,0,1,0,0,0,0
DESetStatus,24466,3d0e0cff-041b-4c90-ba2b-f0a3636bda82,0,GW3LBSC23,"PCPTHO_LBSC0016,RSTG",LBSC0016,RSTG,0,67,,0,0,0,0,0,0,0,0,0,0,1,0,0,0,0
DESetStatus,24467,1be46304-5f04-4f85-9395-a4aa262021f4,0,GW3LBSC23,"PCPTHO_LBSC0016,SFAL",LBSC0016,SFAL,0,68,,0,0,0,0,0,0,0,0,0,0,1,0,0,0,0
DESetStatus,24468,dbe5765a-1cb1-40d8-820c-58345a7c35c0,0,GW3LBSC23,"PCPTHO_LBSC0017,25PA",LBSC0017,25PA,0,69,,0,0,0,0,0,0,0,0,0,0,1,0,0,0,0
DESetStatus,24469,1c22ffff-ca2f-4df2-b482-a13751267570,0,GW3LBSC23,"PCPTHO_LBSC0017,25PB",LBSC0017,25PB,0,70,,0,0,0,0,0,0,0,0,0,0,1,0,0,0,0
DESetStatus,24470,c011a37e-313d-4412-976e-4058087db7a8,0,GW3LBSC23,"PCPTHO_LBSC0017,25PC",LBSC0017,25PC,0,71,,0,0,0,0,0,0,0,0,0,0,1,0,0,0,0
DESetStatus,24471,d5643d5a-61d1-4245-a244-27b0fb36e731,0,GW3LBSC23,"PCPTHO_LBSC0017,ANPU",LBSC0017,ANPU,0,72,,0,0,0,0,0,0,0,0,0,0,1,0,0,0,0
DESetStatus,24472,957d8a69-41bc-4399-8558-12a51c3519e6,0,GW3LBSC23,"PCPTHO_LBSC0017,AP1S",LBSC0017,AP1S,0,73,,0,0,0,0,0,0,0,0,0,0,1,0,0,0,0
DESetStatus,24473,b0f3c8cb-95f5-4016-bc79-aa8c2967e8be,0,GW3LBSC23,"PCPTHO_LBSC0017,BALR",LBSC0017,BALR,0,74,,0,0,0,0,0,0,0,0,0,0,1,0,0,0,0
DESetStatus,24474,6c90e6b0-7b19-4268-a167-7ad5a2c903f0,0,GW3LBSC23,"PCPTHO_LBSC0017,BATF",LBSC0017,BATF,0,75,,0,0,0,0,0,0,0,0,0,0,1,0,0,0,0
DESetStatus,24475,928e951a-6b08-4f50-b048-5462ea0ddb57,0,GW3LBSC23,"PCPTHO_LBSC0017,CTLK",LBSC0017,CTLK,0,76,,0,0,0,0,0,0,0,0,0,0,1,0,0,0,0
DESetStatus,24476,f4fe35e9-f699-4482-84ea-12e8c2f55ced,0,GW3LBSC23,"PCPTHO_LBSC0017,DOOR",LBSC0017,DOOR,0,77,,0,0,0,0,0,0,0,0,0,0,1,0,0,0,0
DESetStatus,24477,ce1aad07-ec83-4bb8-acf0-33aaa23fdd4f,0,GW3LBSC23,"PCPTHO_LBSC0017,FI",LBSC0017,FI,0,78,,0,0,0,0,0,0,0,0,0,0,1,0,0,0,0
DESetStatus,24478,6d231f18-d566-4671-8625-74acfdcb33b1,0,GW3LBSC23,"PCPTHO_LBSC0017,FKPA",LBSC0017,FKPA,0,79,,0,0,0,0,0,0,0,0,0,0,1,0,0,0,0
DESetStatus,24479,43ac9b73-4ef9-4fb2-87c6-ce4dab02d76d,0,GW3LBSC23,"PCPTHO_LBSC0017,FKPB",LBSC0017,FKPB,0,80,,0,0,0,0,0,0,0,0,0,0,1,0,0,0,0
DESetStatus,24480,f8abddea-20a8-40ff-bd89-a020f274e75b,0,GW3LBSC23,"PCPTHO_LBSC0017,FKPC",LBSC0017,FKPC,0,81,,0,0,0,0,0,0,0,0,0,0,1,0,0,0,0
DESetStatus,24481,54cee00a-c93d-4ba1-b591-e348f9375883,0,GW3LBSC23,"PCPTHO_LBSC0017,FKPG",LBSC0017,FKPG,0,82,,0,0,0,0,0,0,0,0,0,0,1,0,0,0,0
DESetStatus,24482,5147c8a2-fa7c-49ce-ab9e-7be484b8bb43,0,GW3LBSC23,"PCPTHO_LBSC0017,GETR",LBSC0017,GETR,0,83,,0,0,0,0,0,0,0,0,0,0,1,0,0,0,0
DESetStatus,24483,835f0f3d-9777-42d7-a838-41b14034700e,0,GW3LBSC23,"PCPTHO_LBSC0017,HLEN",LBSC0017,HLEN,0,84,,0,0,0,0,0,0,0,0,0,0,1,0,0,0,0
DESetStatus,24484,00796994-699e-4d18-b345-d8d8d8b66dee,0,GW3LBSC23,"PCPTHO_LBSC0017,LBER",LBSC0017,LBER,0,85,,0,0,0,0,0,0,0,0,0,0,1,0,0,0,0
DESetStatus,24485,1273f9ac-b31c-4e31-a0b8-861aa35d7fbf,0,GW3LBSC23,"PCPTHO_LBSC0017,LBS",LBSC0017,LBS,0,86,,0,0,0,0,0,0,0,0,0,0,3,0,0,0,0
DESetStatus,24486,9b809b35-b07f-487a-8fdf-0e7f449c959b,0,GW3LBSC23,"PCPTHO_LBSC0017,NACP",LBSC0017,NACP,0,88,,0,0,0,0,0,0,0,0,0,0,1,0,0,0,0
DESetStatus,24487,8a72fa19-a76d-40a9-9f79-8e379d130920,0,GW3LBSC23,"PCPTHO_LBSC0017,NOPS",LBSC0017,NOPS,0,89,,0,0,0,0,0,0,0,0,0,0,1,0,0,0,0
DESetStatus,24488,cc30804d-99c9-4ca4-aad6-0838d2db531d,0,GW3LBSC23,"PCPTHO_LBSC0017,RSTG",LBSC0017,RSTG,0,90,,0,0,0,0,0,0,0,0,0,0,1,0,0,0,0
DESetStatus,24489,349aa014-414b-4c3c-b56c-de0d52f7ff25,0,GW3LBSC23,"PCPTHO_LBSC0017,SFAL",LBSC0017,SFAL,0,91,,0,0,0,0,0,0,0,0,0,0,1,0,0,0,0
DESetStatus,24490,684a95b1-1ba8-4a21-a934-8e6250eda44b,0,GW3LBSC23,"PCPTHO_LBSC0018,25PA",LBSC0018,25PA,0,92,,0,0,0,0,0,0,0,0,0,0,1,0,0,0,0
DESetStatus,24491,1a38b313-2b94-4460-8d27-79f4b59dd394,0,GW3LBSC23,"PCPTHO_LBSC0018,25PB",LBSC0018,25PB,0,93,,0,0,0,0,0,0,0,0,0,0,1,0,0,0,0
DESetStatus,24492,8be35367-4920-4ff9-b5c8-28ba108a9763,0,GW3LBSC23,"PCPTHO_LBSC0018,25PC",LBSC0018,25PC,0,94,,0,0,0,0,0,0,0,0,0,0,1,0,0,0,0
DESetStatus,24493,a14e1f02-720c-4318-b5ed-df2c527a801f,0,GW3LBSC23,"PCPTHO_LBSC0018,ANPU",LBSC0018,ANPU,0,95,,0,0,0,0,0,0,0,0,0,0,1,0,0,0,0
DESetStatus,24494,fcacbce5-1e44-4928-bfa2-50d2b59f7f94,0,GW3LBSC23,"PCPTHO_LBSC0018,AP1S",LBSC0018,AP1S,0,96,,0,0,0,0,0,0,0,0,0,0,1,0,0,0,0
DESetStatus,24495,3c8ade97-c5fe-4827-a3a2-55e05e21de67,0,GW3LBSC23,"PCPTHO_LBSC0018,BALR",LBSC0018,BALR,0,97,,0,0,0,0,0,0,0,0,0,0,1,0,0,0,0
DESetStatus,24496,8bfeb369-0d43-4df4-9af3-e804554137a0,0,GW3LBSC23,"PCPTHO_LBSC0018,BATF",LBSC0018,BATF,0,98,,0,0,0,0,0,0,0,0,0,0,1,0,0,0,0
DESetStatus,24497,3724280b-3177-4939-84a6-ff0d29fb011d,0,GW3LBSC23,"PCPTHO_LBSC0018,CTLK",LBSC0018,CTLK,0,99,,0,0,0,0,0,0,0,0,0,0,1,0,0,0,0
DESetStatus,24498,b0fb6795-1000-47b7-905a-4ce1e009cb07,0,GW3LBSC23,"PCPTHO_LBSC0018,DOOR",LBSC0018,DOOR,0,100,,0,0,0,0,0,0,0,0,0,0,1,0,0,0,0
DESetStatus,24499,ae052526-a01b-4ed6-975e-eb4ae734f534,0,GW3LBSC23,"PCPTHO_LBSC0018,FI",LBSC0018,FI,0,101,,0,0,0,0,0,0,0,0,0,0,1,0,0,0,0
DESetStatus,24500,249df7c3-56a0-42a7-ad19-9cb366b02d50,0,GW3LBSC23,"PCPTHO_LBSC0018,FKPA",LBSC0018,FKPA,0,102,,0,0,0,0,0,0,0,0,0,0,1,0,0,0,0
DESetStatus,24501,2af1b460-a366-4d80-8154-5b8417937588,0,GW3LBSC23,"PCPTHO_LBSC0018,FKPB",LBSC0018,FKPB,0,103,,0,0,0,0,0,0,0,0,0,0,1,0,0,0,0
DESetStatus,24502,d2df4f41-da10-45ee-bd58-06cabb450598,0,GW3LBSC23,"PCPTHO_LBSC0018,FKPC",LBSC0018,FKPC,0,104,,0,0,0,0,0,0,0,0,0,0,1,0,0,0,0
DESetStatus,24503,9d4780b7-a945-4211-bd5d-c2e3cb32d62b,0,GW3LBSC23,"PCPTHO_LBSC0018,FKPG",LBSC0018,FKPG,0,105,,0,0,0,0,0,0,0,0,0,0,1,0,0,0,0
DESetStatus,24504,3c4e714b-d19a-422f-8f5c-6eadd7018355,0,GW3LBSC23,"PCPTHO_LBSC0018,GETR",LBSC0018,GETR,0,106,,0,0,0,0,0,0,0,0,0,0,1,0,0,0,0
DESetStatus,24505,de3499ce-1f90-47e3-b60e-ee34b48ddfb3,0,GW3LBSC23,"PCPTHO_LBSC0018,HLEN",LBSC0018,HLEN,0,107,,0,0,0,0,0,0,0,0,0,0,1,0,0,0,0
DESetStatus,24506,da106821-6d9c-447c-85d6-e8ebcbc32890,0,GW3LBSC23,"PCPTHO_LBSC0018,LBER",LBSC0018,LBER,0,108,,0,0,0,0,0,0,0,0,0,0,1,0,0,0,0
DESetStatus,24507,a704a29b-40ff-48dd-9b43-9b0d6db858c4,0,GW3LBSC23,"PCPTHO_LBSC0018,LBS",LBSC0018,LBS,0,109,,0,0,0,0,0,0,0,0,0,0,3,0,0,0,0
DESetStatus,24508,223ef420-d79e-43c3-9028-9134ecfd7807,0,GW3LBSC23,"PCPTHO_LBSC0018,NACP",LBSC0018,NACP,0,111,,0,0,0,0,0,0,0,0,0,0,1,0,0,0,0
DESetStatus,24509,322c05ed-1c24-495d-b4fc-f6f8df5fd78c,0,GW3LBSC23,"PCPTHO_LBSC0018,NOPS",LBSC0018,NOPS,0,112,,0,0,0,0,0,0,0,0,0,0,1,0,0,0,0
DESetStatus,24510,02adad22-f236-4a48-b908-d0bbc619a66a,0,GW3LBSC23,"PCPTHO_LBSC0018,RSTG",LBSC0018,RSTG,0,113,,0,0,0,0,0,0,0,0,0,0,1,0,0,0,0
DESetStatus,24511,7a0f87c4-a7c4-4d8b-a261-3fb187a8de99,0,GW3LBSC23,"PCPTHO_LBSC0018,SFAL",LBSC0018,SFAL,0,114,,0,0,0,0,0,0,0,0,0,0,1,0,0,0,0
DESetStatus,24512,64dd2ddd-00b1-47ee-a899-7866960d8109,0,GW3LBSC23,"PCPTHO_LBSC0019,25PA",LBSC0019,25PA,0,115,,0,0,0,0,0,0,0,0,0,0,1,0,0,0,0
DESetStatus,24513,9e7abf9f-daff-4cb7-b0a9-42dd281aef01,0,GW3LBSC23,"PCPTHO_LBSC0019,25PB",LBSC0019,25PB,0,116,,0,0,0,0,0,0,0,0,0,0,1,0,0,0,0
DESetStatus,24514,ebdcf835-1045-4819-9493-dc42d27d74c2,0,GW3LBSC23,"PCPTHO_LBSC0019,25PC",LBSC0019,25PC,0,117,,0,0,0,0,0,0,0,0,0,0,1,0,0,0,0
DESetStatus,24515,883e0a1b-eaad-4500-b45b-100092823e96,0,GW3LBSC23,"PCPTHO_LBSC0019,ANPU",LBSC0019,ANPU,0,118,,0,0,0,0,0,0,0,0,0,0,1,0,0,0,0
DESetStatus,24516,a3e8a333-35e0-4ca5-a7a6-9d41fec4941d,0,GW3LBSC23,"PCPTHO_LBSC0019,AP1S",LBSC0019,AP1S,0,119,,0,0,0,0,0,0,0,0,0,0,1,0,0,0,0
DESetStatus,24517,9a930a14-bc63-4072-b77f-e42582698f05,0,GW3LBSC23,"PCPTHO_LBSC0019,BALR",LBSC0019,BALR,0,120,,0,0,0,0,0,0,0,0,0,0,1,0,0,0,0
DESetStatus,24518,aee4f52e-6b2f-436d-baec-c31b4939bfd5,0,GW3LBSC23,"PCPTHO_LBSC0019,BATF",LBSC0019,BATF,0,121,,0,0,0,0,0,0,0,0,0,0,1,0,0,0,0
DESetStatus,24519,29d7a441-5651-40b7-8f85-5ed30a1d2ff0,0,GW3LBSC23,"PCPTHO_LBSC0019,CTLK",LBSC0019,CTLK,0,122,,0,0,0,0,0,0,0,0,0,0,1,0,0,0,0
DESetStatus,24520,d941b216-302b-4dee-b77b-8185cdb5ee34,0,GW3LBSC23,"PCPTHO_LBSC0019,DOOR",LBSC0019,DOOR,0,123,,0,0,0,0,0,0,0,0,0,0,1,0,0,0,0
DESetStatus,24521,c547864c-12a1-4dc8-80a6-66c65283a57d,0,GW3LBSC23,"PCPTHO_LBSC0019,FI",LBSC0019,FI,0,124,,0,0,0,0,0,0,0,0,0,0,1,0,0,0,0
DESetStatus,24522,2ceafe77-9d76-4cc6-917c-02d89b0e2020,0,GW3LBSC23,"PCPTHO_LBSC0019,FKPA",LBSC0019,FKPA,0,125,,0,0,0,0,0,0,0,0,0,0,1,0,0,0,0
DESetStatus,24523,5a1039c1-1aa3-4070-b944-ffd8a1fb5b40,0,GW3LBSC23,"PCPTHO_LBSC0019,FKPB",LBSC0019,FKPB,0,126,,0,0,0,0,0,0,0,0,0,0,1,0,0,0,0
DESetStatus,24524,21a48ebc-bfac-400b-93bc-c6cafde9d4d8,0,GW3LBSC23,"PCPTHO_LBSC0019,FKPC",LBSC0019,FKPC,0,127,,0,0,0,0,0,0,0,0,0,0,1,0,0,0,0
DESetStatus,24525,34c585d8-1d90-416c-9ab3-f267fc7e1d1d,0,GW3LBSC23,"PCPTHO_LBSC0019,FKPG",LBSC0019,FKPG,0,128,,0,0,0,0,0,0,0,0,0,0,1,0,0,0,0
DESetStatus,24526,c721f660-a745-45a3-9fbb-69baca6c2ff4,0,GW3LBSC23,"PCPTHO_LBSC0019,GETR",LBSC0019,GETR,0,129,,0,0,0,0,0,0,0,0,0,0,1,0,0,0,0
DESetStatus,24527,88e79226-2f95-427d-873c-609803f5df60,0,GW3LBSC23,"PCPTHO_LBSC0019,HLEN",LBSC0019,HLEN,0,130,,0,0,0,0,0,0,0,0,0,0,1,0,0,0,0
DESetStatus,24528,84e0c486-7110-4e89-a675-571ace5d614e,0,GW3LBSC23,"PCPTHO_LBSC0019,LBER",LBSC0019,LBER,0,131,,0,0,0,0,0,0,0,0,0,0,1,0,0,0,0
DESetStatus,24529,9b9029c0-6dd8-42e4-a563-6df9ccc8b2e1,0,GW3LBSC23,"PCPTHO_LBSC0019,LBS",LBSC0019,LBS,0,132,,0,0,0,0,0,0,0,0,0,0,3,0,0,0,0
DESetStatus,24530,5ffe75c7-de0b-4225-8874-9fe84b0ab034,0,GW3LBSC23,"PCPTHO_LBSC0019,NACP",LBSC0019,NACP,0,134,,0,0,0,0,0,0,0,0,0,0,1,0,0,0,0
DESetStatus,24531,b01361d6-a430-42c8-8355-401a7b12b40d,0,GW3LBSC23,"PCPTHO_LBSC0019,NOPS",LBSC0019,NOPS,0,135,,0,0,0,0,0,0,0,0,0,0,1,0,0,0,0
DESetStatus,24532,5c444062-0524-4121-ac30-89c05cb4db89,0,GW3LBSC23,"PCPTHO_LBSC0019,RSTG",LBSC0019,RSTG,0,136,,0,0,0,0,0,0,0,0,0,0,1,0,0,0,0
DESetStatus,24533,a3b2dbc0-ca15-4e5a-b63e-5fcf0ffa17f4,0,GW3LBSC23,"PCPTHO_LBSC0019,SFAL",LBSC0019,SFAL,0,137,,0,0,0,0,0,0,0,0,0,0,1,0,0,0,0
